year_group,clean_test,category_count,category_prop,prop_cum,prop_cum_lag,label,y
"2010 -
'13",ok,197,0.4497716894977169,0.4497716894977169,NA,"Passes
Bechdel
Test",0.22488584474885845
"2010 -
'13",dubious,43,0.09817351598173515,0.547945205479452,0.4497716894977169,Dubious,0.4988584474885845
"2010 -
'13",men,45,0.10273972602739725,0.6506849315068493,0.547945205479452,"Women only
talk about men",0.5993150684931506
"2010 -
'13",notalk,121,0.2762557077625571,0.9269406392694064,0.6506849315068493,"Women don't
talk to each
other",0.7888127853881278
"2010 -
'13",nowomen,32,0.0730593607305936,1,0.9269406392694064,"Fewer than
two women",0.9634703196347032
